Date,Price
2018-03-05,17110.5
2018-03-06,16714.1
2018-03-07,16681.1
2018-03-08,16482.9
2018-03-09,16383.8
2018-03-10,16674.0
2018-03-11,16587.0
2018-03-12,16053.5
2018-03-13,16714.1
2018-03-14,17242.6
2018-03-15,16582.0
2018-03-16,17044.5
2018-03-17,16727.0
2018-03-18,16862.0
2018-03-19,17672.1
2018-03-20,18894.2
2018-03-21,19092.4
2018-03-22,18828.2
2018-03-23,18431.8
2018-03-24,18583.0
2018-03-25,18765.0
2018-03-26,17903.3
2018-03-27,18497.9
2018-03-28,18960.3
2018-03-29,19819.1
2018-03-30,20876.1
2018-03-31,19211.0
2018-04-01,19472.0
2018-04-02,20843.1
2018-04-03,20479.8
2018-04-04,20744.0
2018-04-05,20380.7
2018-04-06,20678.0
2018-04-07,20625.0
2018-04-08,20581.0
2018-04-09,20347.6
2018-04-10,18927.3
2018-04-11,18134.5
2018-04-12,18365.7
2018-04-13,18365.7
2018-04-14,18828.0
2018-04-15,18524.0
2018-04-16,19488.8
2018-04-17,19455.8
2018-04-18,18365.7
2018-04-19,18497.9
2018-04-20,18299.7
2018-04-21,18821.0
2018-04-22,18688.0
2018-04-23,18431.8
2018-04-24,18365.7
2018-04-25,18521.0
2018-04-26,18167.5
2018-04-27,18365.7
2018-04-28,18370.0
2018-04-29,18357.0
2018-04-30,18356.0
2018-05-01,18323.0
2018-05-02,17110.5
2018-05-03,15921.4
2018-05-04,15855.3
2018-05-05,17113.0
2018-05-06,16864.0
2018-05-07,16317.7
2018-05-08,16185.6
2018-05-09,16416.8
2018-05-10,16515.9
2018-05-11,16317.7
2018-05-12,16350.0
2018-05-13,16357.0
2018-05-14,16482.9
2018-05-15,16615.0
2018-05-16,16813.2
2018-05-17,16449.9
2018-05-18,16383.8
2018-05-19,16548.0
2018-05-20,16561.0
2018-05-21,16185.6
2018-05-22,15855.3
2018-05-23,15194.7
2018-05-24,15194.7
2018-05-25,14137.6
2018-05-26,15313.0
2018-05-27,15139.0
2018-05-28,13179.7
2018-05-29,14071.6
2018-05-30,13873.4
2018-05-31,13807.3
2018-06-01,13807.3
2018-06-02,13747.0
2018-06-03,13861.0
2018-06-04,14335.8
2018-06-05,14302.8
2018-06-06,15293.8
2018-06-07,15161.6
2018-06-08,15194.7
2018-06-09,14857.0
2018-06-10,14961.0
2018-06-11,14798.3
2018-06-12,14005.5
2018-06-13,14732.2
2018-06-14,14732.2
2018-06-15,14203.7
2018-06-16,14494.0
2018-06-17,14433.0
2018-06-18,13873.4
2018-06-19,13807.3
2018-06-20,13873.4
2018-06-21,13344.9
2018-06-22,14203.7
2018-06-23,13820.0
2018-06-24,13809.0
2018-06-25,13543.1
2018-06-26,14137.6
2018-06-27,14203.7
2018-06-28,14005.5
2018-06-29,14071.6
2018-06-30,13992.0
2018-07-01,14082.0
2018-07-02,13741.3
2018-07-03,13146.7
2018-07-04,12486.1
2018-07-05,12353.9
2018-07-06,12816.4
2018-07-07,12908.0
2018-07-08,12742.0
2018-07-09,12882.4
2018-07-10,13014.6
2018-07-11,12948.5
2018-07-12,12849.4
2018-07-13,12948.5
2018-07-14,12928.0
2018-07-15,12937.0
2018-07-16,13080.6
2018-07-17,13675.2
2018-07-18,14534.0
2018-07-19,14335.8
2018-07-20,14071.6
2018-07-21,13939.0
2018-07-22,14111.0
2018-07-23,13873.4
2018-07-24,13741.3
2018-07-25,13741.3
2018-07-26,13675.2
2018-07-27,13675.2
2018-07-28,13741.0
2018-07-29,13714.0
2018-07-30,13410.9
2018-07-31,14005.5
2018-08-01,13543.1
2018-08-02,13543.1
2018-08-03,13807.3
2018-08-04,13661.0
2018-08-05,13712.0
2018-08-06,13609.1
2018-08-07,13741.3
2018-08-08,13708.2
2018-08-09,14203.7
2018-08-10,14600.1
2018-08-11,13972.0
2018-08-12,14045.0
2018-08-13,15194.7
2018-08-14,15128.6
2018-08-15,14963.4
2018-08-16,14798.3
2018-08-17,14798.3
2018-08-18,14976.0
2018-08-19,14932.0
2018-08-20,14897.4
2018-08-21,15326.8
2018-08-22,16152.6
2018-08-23,16912.3
2018-08-24,17011.4
2018-08-25,16060.0
2018-08-26,16292.0
2018-08-27,17044.5
2018-08-28,17176.6
2018-08-29,16912.3
2018-08-30,16515.9
2018-08-31,16515.9
2018-09-01,16833.0
2018-09-02,16790.0
2018-09-03,16713.0
2018-09-04,16119.6
2018-09-05,16119.6
2018-09-06,16086.5
2018-09-07,16317.7
2018-09-08,16271.0
2018-09-09,16182.0
2018-09-10,16317.7
2018-09-11,16482.9
2018-09-12,16185.6
2018-09-13,16317.7
2018-09-14,16780.2
2018-09-15,16416.0
2018-09-16,16436.0
2018-09-17,17698.2
2018-09-18,17771.0
2018-09-19,17188.4
2018-09-20,16969.9
2018-09-21,16751.4
2018-09-22,17275.0
2018-09-23,17191.0
2018-09-24,16751.4
2018-09-25,17042.7
2018-09-26,17042.7
2018-09-27,17334.1
2018-09-28,17479.7
2018-09-29,17130.0
2018-09-30,17205.0
2018-10-01,17334.1
2018-10-02,16860.6
2018-10-03,16751.4
2018-10-04,16751.4
2018-10-05,16678.6
2018-10-06,16875.0
2018-10-07,16783.0
2018-10-08,16241.6
2018-10-09,15658.9
2018-10-10,15658.9
2018-10-11,14566.4
2018-10-12,14930.6
2018-10-13,15411.0
2018-10-14,15245.0
2018-10-15,14784.9
2018-10-16,14784.9
2018-10-17,14857.8
2018-10-18,14566.4
2018-10-19,14930.6
2018-10-20,14784.0
2018-10-21,14784.0
2018-10-22,15149.1
2018-10-23,14930.6
2018-10-24,14202.3
2018-10-25,14493.6
2018-10-26,14748.5
2018-10-27,14704.0
2018-10-28,14615.0
2018-10-29,14675.7
2018-10-30,14675.7
2018-10-31,14784.9
2018-11-01,14566.4
2018-11-02,14493.6
2018-11-03,14639.0
2018-11-04,14631.0
2018-11-05,14493.6
2018-11-06,14202.3
2018-11-07,14165.9
2018-11-08,14275.1
2018-11-09,13838.1
2018-11-10,14195.0
2018-11-11,14135.0
2018-11-12,14129.4
2018-11-13,13947.4
2018-11-14,13801.7
2018-11-15,13765.3
2018-11-16,13983.8
2018-11-17,13925.0
2018-11-18,13884.0
2018-11-19,13983.8
2018-11-20,13983.8
2018-11-21,14238.7
2018-11-22,14165.9
2018-11-23,13983.8
2018-11-24,14071.0
2018-11-25,14088.0
2018-11-26,13983.8
2018-11-27,14202.3
2018-11-28,14129.4
2018-11-29,14347.9
2018-11-30,14202.3
2018-12-01,14173.0
2018-12-02,14210.0
2018-12-03,14566.4
2018-12-04,14639.3
2018-12-05,14930.6
2018-12-06,15804.6
2018-12-07,16897.1
2018-12-08,15367.0
2018-12-09,15527.0
2018-12-10,18062.4
2018-12-11,18645.0
2018-12-12,17771.0
2018-12-13,18098.8
2018-12-14,18062.4
2018-12-15,18127.0
2018-12-16,18140.0
2018-12-17,17625.4
2018-12-18,16678.6
2018-12-19,16969.9
2018-12-20,17152.0
2018-12-21,16678.6
2018-12-22,17020.0
2018-12-23,16899.0
2018-12-24,17115.6
2018-12-25,17042.7
2018-12-26,17115.6
2018-12-27,16897.1
2018-12-28,17479.7
2018-12-29,17130.0
2018-12-30,17133.0
2018-12-31,17151.0
2019-01-01,17158.0
2019-01-02,17406.9
2019-01-03,17115.6
2019-01-04,16715.0
2019-01-05,17109.0
2019-01-06,17100.0
2019-01-07,17042.7
2019-01-08,17042.7
2019-01-09,17115.6
2019-01-10,17042.7
2019-01-11,17115.6
2019-01-12,17071.0
2019-01-13,17077.0
2019-01-14,17224.8
2019-01-15,17042.7
2019-01-16,16824.2
2019-01-17,17079.1
2019-01-18,18244.5
2019-01-19,17283.0
2019-01-20,17294.0
2019-01-21,19519.0
2019-01-22,19519.0
2019-01-23,19664.7
2019-01-24,18863.5
2019-01-25,18863.5
2019-01-26,19285.0
2019-01-27,19239.0
2019-01-28,19300.5
2019-01-29,19919.6
2019-01-30,19591.8
2019-01-31,19300.5
2019-02-01,19300.5
2019-02-02,19482.0
2019-02-03,19518.0
2019-02-04,19438.0
2019-02-05,19407.0
2019-02-06,19429.0
2019-02-07,19454.0
2019-02-08,19449.0
2019-02-09,19435.0
2019-02-10,19434.0
2019-02-11,19300.5
2019-02-12,20647.9
2019-02-13,21194.2
2019-02-14,20757.2
2019-02-15,20684.3
2019-02-16,20516.0
2019-02-17,20759.0
2019-02-18,21412.7
2019-02-19,21631.1
2019-02-20,21704.0
2019-02-21,20866.4
2019-02-22,20830.0
2019-02-23,21288.0
2019-02-24,21263.0
2019-02-25,20538.7
2019-02-26,20757.2
2019-02-27,21121.3
2019-02-28,20866.4
2019-03-01,20939.2
2019-03-02,20844.0
2019-03-03,20905.0
2019-03-04,21704.0
2019-03-05,22468.7
2019-03-06,21849.6
2019-03-07,21485.5
2019-03-08,21740.4
2019-03-09,21849.0
2019-03-10,21878.0
2019-03-11,21558.3
2019-03-12,22505.1
2019-03-13,22505.1
2019-03-14,22505.1
2019-03-15,22796.5
2019-03-16,22374.0
2019-03-17,22537.0
2019-03-18,22942.1
2019-03-19,22213.8
2019-03-20,21849.6
2019-03-21,20757.2
2019-03-22,21339.8
2019-03-23,21820.0
2019-03-24,21596.0
2019-03-25,20866.4
2019-03-26,20902.8
2019-03-27,21776.8
2019-03-28,22031.7
2019-03-29,21849.6
2019-03-30,21485.0
2019-03-31,21609.0
2019-04-01,21594.7
2019-04-02,21849.6
2019-04-03,21813.2
2019-04-04,21813.2
2019-04-05,23306.3
2019-04-06,22075.0
2019-04-07,22171.0
2019-04-08,24617.3
2019-04-09,23888.9
2019-04-10,23743.3
2019-04-11,24180.3
2019-04-12,24034.6
2019-04-13,24092.0
2019-04-14,23987.0
2019-04-15,24007.0
2019-04-16,23634.0
2019-04-17,22578.0
2019-04-18,21631.1
2019-04-19,21995.3
2019-04-20,22769.0
2019-04-21,22521.0
2019-04-22,21776.8
2019-04-23,21995.3
2019-04-24,22031.7
2019-04-25,21995.3
2019-04-26,22141.0
2019-04-27,21988.0
2019-04-28,22030.0
2019-04-29,22037.0
2019-04-30,22038.0
2019-05-01,22046.0
2019-05-02,20611.5
2019-05-03,20975.7
2019-05-04,21541.0
2019-05-05,21442.0
2019-05-06,21048.5
2019-05-07,20830.0
2019-05-08,20830.0
2019-05-09,20502.2
2019-05-10,20684.3
2019-05-11,20779.0
2019-05-12,20725.0
2019-05-13,21485.5
2019-05-14,21121.3
2019-05-15,21631.1
2019-05-16,21485.5
2019-05-17,22141.0
2019-05-18,21572.0
2019-05-19,21590.0
2019-05-20,23160.6
2019-05-21,23888.9
2019-05-22,23306.3
2019-05-23,24034.6
2019-05-24,24762.9
2019-05-25,23830.0
2019-05-26,23964.0
2019-05-27,26365.2
2019-05-28,27312.1
2019-05-29,28841.5
2019-05-30,26838.6
2019-05-31,25855.4
2019-06-01,27042.0
2019-06-02,27177.0
2019-06-03,24107.4
2019-06-04,24471.6
2019-06-05,25127.1
2019-06-06,25673.3
2019-06-07,25709.7
2019-06-08,25017.0
2019-06-09,25199.0
2019-06-10,26328.8
2019-06-11,27530.6
2019-06-12,27093.6
2019-06-13,26073.9
2019-06-14,26875.1
2019-06-15,26780.0
2019-06-16,26870.0
2019-06-17,26838.6
2019-06-18,26583.7
2019-06-19,26438.1
2019-06-20,26656.6
2019-06-21,27312.1
2019-06-22,26765.0
2019-06-23,26751.0
2019-06-24,28768.7
2019-06-25,28623.0
2019-06-26,28149.6
2019-06-27,27821.9
2019-06-28,27457.7
2019-06-29,28164.0
2019-06-30,28043.0
2019-07-01,27676.2
2019-07-02,27821.9
2019-07-03,27967.5
2019-07-04,27676.2
2019-07-05,27603.4
2019-07-06,27749.0
2019-07-07,27763.0
2019-07-08,27348.5
2019-07-09,26583.7
2019-07-10,27093.6
2019-07-11,27239.2
2019-07-12,27967.5
2019-07-13,27246.0
2019-07-14,27226.0
2019-07-15,27785.5
2019-07-16,27967.5
2019-07-17,29897.6
2019-07-18,30553.1
2019-07-19,29861.2
2019-07-20,29212.0
2019-07-21,29498.0
2019-07-22,29533.4
2019-07-23,30225.3
2019-07-24,31454.5
2019-07-25,32162.3
2019-07-26,32083.6
2019-07-27,31091.0
2019-07-28,31403.0
2019-07-29,32240.9
2019-07-30,32005.0
2019-07-31,29803.2
2019-08-01,29410.0
2019-08-02,30432.3
2019-08-03,30778.0
2019-08-04,30485.0
2019-08-05,29331.4
2019-08-06,29056.1
2019-08-07,28780.9
2019-08-08,28938.2
2019-08-09,29881.8
2019-08-10,29197.0
2019-08-11,29170.0
2019-08-12,29881.8
2019-08-13,28702.3
2019-08-14,30707.5
2019-08-15,31572.5
2019-08-16,32870.0
2019-08-17,30746.0
2019-08-18,30919.0
2019-08-19,32162.3
2019-08-20,32476.8
2019-08-21,32398.2
2019-08-22,32594.8
2019-08-23,32162.3
2019-08-24,32358.0
2019-08-25,32398.0
2019-08-26,31336.6
2019-08-27,31729.8
2019-08-28,31140.0
2019-08-29,30982.7
2019-08-30,31218.6
2019-08-31,31281.0
2019-09-01,31270.0
2019-09-02,31178.0
2019-09-03,30668.2
2019-09-04,30353.6
2019-09-05,30117.7
2019-09-06,30196.4
2019-09-07,30502.0
2019-09-08,30367.0
2019-09-09,29881.8
2019-09-10,29095.4
2019-09-11,29016.8
2019-09-12,30275.0
2019-09-13,30589.5
2019-09-14,29771.0
2019-09-15,29749.0
2019-09-16,30589.5
2019-09-17,30275.0
2019-09-18,30117.7
2019-09-19,30117.7
2019-09-20,29410.0
2019-09-21,30101.0
2019-09-22,30004.0
2019-09-23,29331.4
2019-09-24,28741.6
2019-09-25,29016.8
2019-09-26,28938.2
2019-09-27,28584.3
2019-09-28,28922.0
2019-09-29,28840.0
2019-09-30,29567.3
2019-10-01,29488.6
2019-10-02,29252.7
2019-10-03,30078.4
2019-10-04,29881.8
2019-10-05,29653.0
2019-10-06,29670.0
2019-10-07,29410.0
2019-10-08,29724.5
2019-10-09,29724.5
2019-10-10,30039.1
2019-10-11,30039.1
2019-10-12,29787.0
2019-10-13,29862.0
2019-10-14,30039.1
2019-10-15,29763.9
2019-10-16,29881.8
2019-10-17,30275.0
2019-10-18,30078.4
2019-10-19,30007.0
2019-10-20,30001.0
2019-10-21,29410.0
2019-10-22,30117.7
2019-10-23,30589.5
2019-10-24,30864.8
2019-10-25,30432.3
2019-10-26,30282.0
2019-10-27,30457.0
2019-10-28,30275.0
2019-10-29,30275.0
2019-10-30,30196.4
2019-10-31,30078.4
2019-11-01,30196.4
2019-11-02,30204.0
2019-11-03,30190.0
2019-11-04,30510.9
2019-11-05,30432.3
2019-11-06,30510.9
2019-11-07,30668.2
2019-11-08,30825.4
2019-11-09,30589.0
2019-11-10,30605.0
2019-11-11,31061.4
2019-11-12,30982.7
2019-11-13,30864.8
2019-11-14,30668.2
2019-11-15,30550.2
2019-11-16,30825.0
2019-11-17,30778.0
2019-11-18,30314.3
2019-11-19,30314.3
2019-11-20,29881.8
2019-11-21,30039.1
2019-11-22,29881.8
2019-11-23,30086.0
2019-11-24,30040.0
2019-11-25,29763.9
2019-11-26,29803.2
2019-11-27,29803.2
2019-11-28,29724.5
2019-11-29,29724.5
2019-11-30,29763.0
2019-12-01,29763.0
2019-12-02,29095.4
2019-12-03,29174.1
2019-12-04,29449.3
2019-12-05,29881.8
2019-12-06,29763.9
2019-12-07,29472.0
2019-12-08,29548.0
2019-12-09,29488.6
2019-12-10,29488.6
2019-12-11,29410.0
2019-12-12,28938.2
2019-12-13,28938.2
2019-12-14,29252.0
2019-12-15,29205.0
2019-12-16,28938.2
2019-12-17,28938.2
2019-12-18,29056.1
2019-12-19,28309.1
2019-12-20,28623.6
2019-12-21,28773.0
2019-12-22,28740.0
2019-12-23,28309.1
2019-12-24,28269.8
2019-12-25,28269.8
2019-12-26,28230.4
2019-12-27,28269.8
2019-12-28,28269.0
2019-12-29,28261.0
2019-12-30,27680.0
2019-12-31,28230.4
2020-01-01,28142.0
2020-01-02,28230.4
2020-01-03,28151.8
2020-01-04,28086.0
2020-01-05,28168.0
2020-01-06,28309.1
2020-01-07,28309.1
2020-01-08,28151.8
2020-01-09,27522.7
2020-01-10,27522.7
2020-01-11,27963.0
2020-01-12,27893.0
2020-01-13,27404.8
2020-01-14,27208.2
2020-01-15,27365.4
2020-01-16,27208.2
2020-01-17,27129.5
2020-01-18,27263.0
2020-01-19,27234.0
2020-01-20,27129.5
2020-01-21,26421.8
2020-01-22,27050.9
2020-01-23,27019.0
2020-01-24,26971.0
2020-01-25,26918.0
2020-01-26,26876.0
2020-01-27,26966.0
2020-01-28,26950.0
2020-01-29,26936.0
2020-01-30,26264.5
2020-01-31,25163.6
2020-02-01,26456.0
2020-02-02,26354.0
2020-02-03,23512.3
2020-02-04,24259.3
2020-02-05,23630.2
2020-02-06,24377.3
2020-02-07,24534.5
2020-02-08,24062.0
2020-02-09,24172.0
2020-02-10,24141.4
2020-02-11,24062.7
2020-02-12,23905.4
2020-02-13,23590.9
2020-02-14,25006.4
2020-02-15,24141.0
2020-02-16,24141.0
2020-02-17,24770.4
2020-02-18,24927.7
2020-02-19,25242.3
2020-02-20,25950.0
2020-02-21,25950.0
2020-02-22,25368.0
2020-02-23,25487.0
2020-02-24,24141.4
2020-02-25,24141.4
2020-02-26,23590.9
2020-02-27,24141.4
2020-02-28,23905.4
2020-02-29,23984.0
2020-03-01,23952.0
2020-03-02,23905.4
2020-03-03,24455.9
2020-03-04,24377.3
2020-03-05,24298.6
2020-03-06,24220.0
2020-03-07,24251.0
2020-03-08,24320.0
2020-03-09,22529.3
2020-03-10,23040.4
2020-03-11,21428.4
2020-03-12,19934.3
2020-03-13,18715.4
2020-03-14,21129.0
2020-03-15,20849.0
2020-03-16,18676.1
2020-03-17,18322.3
2020-03-18,18243.6
2020-03-19,18243.6
2020-03-20,18165.0
2020-03-21,18330.0
2020-03-22,18260.0
2020-03-23,16906.8
2020-03-24,16906.8
2020-03-25,18007.7
2020-03-26,18243.6
2020-03-27,18243.6
2020-03-28,17661.0
2020-03-29,17812.0
2020-03-30,18086.4
2020-03-31,17693.2
2020-04-01,17929.1
2020-04-02,17836.0
2020-04-03,18872.7
2020-04-04,18083.0
2020-04-05,18082.0
2020-04-06,20052.3
2020-04-07,21153.2
2020-04-08,20248.9
2020-04-09,20838.6
2020-04-10,20838.6
2020-04-11,20626.0
2020-04-12,20741.0
2020-04-13,20838.6
2020-04-14,21153.2
2020-04-15,21782.3
2020-04-16,22607.9
2020-04-17,23197.7
2020-04-18,21915.0
2020-04-19,22131.0
2020-04-20,23355.0
2020-04-21,21742.9
2020-04-22,22018.2
2020-04-23,22568.6
2020-04-24,22961.8
2020-04-25,22529.0
2020-04-26,22364.0
2020-04-27,22568.6
2020-04-28,22411.4
2020-04-29,22529.3
2020-04-30,22480.0
2020-05-01,22470.0
2020-05-02,22491.0
2020-05-03,22476.0
2020-05-04,22254.1
2020-05-05,22214.8
2020-05-06,22214.8
2020-05-07,22725.9
2020-05-08,22490.0
2020-05-09,22379.0
2020-05-10,22404.0
2020-05-11,22372.0
2020-05-12,22804.5
2020-05-13,23119.1
2020-05-14,22725.9
2020-05-15,22804.5
2020-05-16,22765.0
2020-05-17,22843.0
2020-05-18,22411.4
2020-05-19,22411.4
2020-05-20,22214.8
2020-05-21,22214.8
2020-05-22,22018.2
2020-05-23,22254.0
2020-05-24,22222.0
2020-05-25,22175.4
2020-05-26,22096.8
2020-05-27,21900.2
2020-05-28,21939.5
2020-05-29,21900.2
2020-05-30,22002.0
2020-05-31,21967.0
2020-06-01,21900.2
2020-06-02,21821.6
2020-06-03,21939.5
2020-06-04,22175.4
2020-06-05,22175.4
2020-06-06,22002.0
2020-06-07,22022.0
2020-06-08,23708.9
2020-06-09,24770.4
2020-06-10,23905.4
2020-06-11,22254.1
2020-06-12,22804.5
2020-06-13,23488.0
2020-06-14,23444.0
2020-06-15,22411.4
2020-06-16,22490.0
2020-06-17,22686.6
2020-06-18,23512.3
2020-06-19,24141.4
2020-06-20,23048.0
2020-06-21,23175.0
2020-06-22,24141.4
2020-06-23,24377.3
2020-06-24,24141.4
2020-06-25,23748.2
2020-06-26,24455.9
2020-06-27,24172.0
2020-06-28,24178.0
2020-06-29,24220.0
2020-06-30,24416.6
2020-07-01,24377.3
2020-07-02,24495.2
2020-07-03,23748.2
2020-07-04,24251.0
2020-07-05,24257.0
2020-07-06,23787.5
2020-07-07,23748.2
2020-07-08,23040.4
2020-07-09,23355.0
2020-07-10,23355.0
2020-07-11,23457.0
2020-07-12,23391.0
2020-07-13,23197.7
2020-07-14,23197.7
2020-07-15,23315.7
2020-07-16,23197.7
2020-07-17,23669.5
2020-07-18,23315.0
2020-07-19,23339.0
2020-07-20,24455.9
2020-07-21,24062.7
2020-07-22,24062.7
2020-07-23,23826.8
2020-07-24,22411.4
2020-07-25,23763.0
2020-07-26,23625.0
2020-07-27,21467.7
2020-07-28,22804.5
2020-07-29,22411.4
2020-07-30,22804.5
2020-07-31,22490.0
2020-08-01,22395.0
2020-08-02,22581.0
2020-08-03,22804.5
2020-08-04,23905.4
2020-08-05,24062.7
2020-08-06,23984.1
2020-08-07,23984.1
2020-08-08,23748.0
2020-08-09,23936.0
2020-08-10,24613.2
2020-08-11,24455.9
2020-08-12,24455.9
2020-08-13,24298.6
2020-08-14,24141.4
2020-08-15,24393.0
2020-08-16,24348.0
2020-08-17,23905.4
2020-08-18,23826.8
2020-08-19,24534.5
2020-08-20,25556.8
2020-08-21,26028.6
2020-08-22,24770.0
2020-08-23,24943.0
2020-08-24,26343.2
2020-08-25,25635.4
2020-08-26,26579.1
2020-08-27,28427.0
2020-08-28,27758.6
2020-08-29,26948.0
2020-08-30,27069.0
2020-08-31,27522.7
2020-09-01,27994.5
2020-09-02,27458.0
2020-09-03,28151.8
2020-09-04,27444.1
2020-09-05,27714.0
2020-09-06,27752.0
2020-09-07,27522.7
2020-09-08,27915.9
2020-09-09,27915.9
2020-09-10,27601.4
2020-09-11,28466.4
2020-09-12,27884.0
2020-09-13,27956.0
2020-09-14,28702.3
2020-09-15,28623.6
2020-09-16,28191.1
2020-09-17,27680.0
2020-09-18,27601.4
2020-09-19,28159.0
2020-09-20,28051.0
2020-09-21,28073.2
2020-09-22,28073.2
2020-09-23,28466.4
2020-09-24,28466.4
2020-09-25,28073.2
2020-09-26,28230.0
2020-09-27,28261.0
2020-09-28,28073.2
2020-09-29,27208.2
2020-09-30,27286.8
2020-10-01,27522.7
2020-10-02,27522.7
2020-10-03,27522.0
2020-10-04,27412.0
2020-10-05,27208.2
2020-10-06,27208.2
2020-10-07,27247.5
2020-10-08,27208.2
2020-10-09,27208.2
2020-10-10,27216.0
2020-10-11,27217.0
2020-10-12,26579.1
2020-10-13,26736.4
2020-10-14,26500.4
2020-10-15,26775.7
2020-10-16,26736.4
2020-10-17,26665.0
2020-10-18,26682.0
2020-10-19,26972.3
2020-10-20,26972.3
2020-10-21,26893.6
2020-10-22,26736.4
2020-10-23,26697.0
2020-10-24,26854.0
2020-10-25,26830.0
2020-10-26,26579.1
2020-10-27,26343.2
2020-10-28,26028.6
2020-10-29,25871.4
2020-10-30,25871.4
2020-10-31,26138.0
2020-11-01,26050.0
2020-11-02,26303.9
2020-11-03,26382.5
2020-11-04,26461.1
2020-11-05,26461.1
2020-11-06,26500.4
2020-11-07,26421.0
2020-11-08,26445.0
2020-11-09,26697.0
2020-11-10,26932.9
2020-11-11,26893.6
2020-11-12,27050.9
2020-11-13,26932.9
2020-11-14,26901.0
2020-11-15,26942.0
2020-11-16,26579.1
2020-11-17,26539.8
2020-11-18,26303.9
2020-11-19,26539.8
2020-11-20,26815.0
2020-11-21,26555.0
2020-11-22,26550.0
2020-11-23,27220.1
2020-11-24,27220.1
2020-11-25,27058.0
2020-11-26,26896.0
2020-11-27,26815.0
2020-11-28,27041.0
2020-11-29,27006.0
2020-11-30,26653.0
2020-12-01,26450.5
2020-12-02,26085.9
2020-12-03,26491.0
2020-12-04,26936.5
2020-12-05,26523.0
2020-12-06,26497.0
2020-12-07,26936.5
2020-12-08,26734.0
2020-12-09,26612.5
2020-12-10,26409.9
2020-12-11,26612.5
2020-12-12,26661.0
2020-12-13,26605.0
2020-12-14,26491.0
2020-12-15,26328.9
2020-12-16,26491.0
2020-12-17,26247.9
2020-12-18,26166.9
2020-12-19,26345.0
2020-12-20,26315.0
2020-12-21,26288.4
2020-12-22,26288.4
2020-12-23,26734.0
2020-12-24,28354.2
2020-12-25,28475.8
2020-12-26,27228.0
2020-12-27,27416.0
2020-12-28,29853.0
2020-12-29,29812.5
2020-12-30,29731.4
2020-12-31,30784.6
2021-01-01,29519.0
2021-01-02,29940.0
2021-01-03,29957.0
2021-01-04,31918.8
2021-01-05,31756.7
2021-01-06,31189.7
2021-01-07,30784.6
2021-01-08,30865.6
2021-01-09,31303.0
2021-01-10,31179.0
2021-01-11,31189.7
2021-01-12,31432.7
2021-01-13,30865.6
2021-01-14,31149.2
2021-01-15,31270.7
2021-01-16,31181.0
2021-01-17,31179.0
2021-01-18,31149.2
2021-01-19,29002.3
2021-01-20,29123.9
2021-01-21,29974.5
2021-01-22,29893.5
2021-01-23,29828.0
2021-01-24,29564.0
2021-01-25,29650.4
2021-01-26,28354.2
2021-01-27,26977.0
2021-01-28,25113.8
2021-01-29,26328.9
2021-01-30,27284.0
2021-01-31,26811.0
2021-02-01,25194.8
2021-02-02,26531.5
2021-02-03,26572.0
2021-02-04,27382.1
2021-02-05,27382.1
2021-02-06,26612.0
2021-02-07,26895.0
2021-02-08,26288.4
2021-02-09,26531.5
2021-02-10,26741.0
2021-02-11,26613.0
2021-02-12,26613.0
2021-02-13,26557.0
2021-02-14,26611.0
2021-02-15,26627.0
2021-02-16,26604.0
2021-02-17,27341.6
2021-02-18,27139.1
2021-02-19,27301.1
2021-02-20,27002.0
2021-02-21,27077.0
2021-02-22,27746.6
2021-02-23,27746.6
2021-02-24,27827.7
2021-02-25,27787.2
2021-02-26,27341.6
2021-02-27,27689.0
2021-02-28,27678.0
2021-03-01,27787.2
2021-03-02,27746.6
2021-03-03,27746.6
2021-03-04,27301.1
2021-03-05,27625.1
2021-03-06,27641.0
2021-03-07,27612.0
2021-03-08,27544.1
2021-03-09,27544.1
2021-03-10,29447.9
2021-03-11,29690.9
2021-03-12,29002.0
2021-03-13,28645.0
2021-03-14,28865.0
2021-03-15,28638.0
2021-03-16,30055.0
2021-03-17,31676.0
2021-03-18,31473.0
2021-03-19,31068.0
2021-03-20,30582.0
2021-03-21,30970.0
2021-03-22,30704.0
2021-03-23,30299.0
2021-03-24,29286.0
2021-03-25,29326.0
2021-03-26,28840.0
2021-03-27,29691.0
2021-03-28,29488.0
2021-03-29,29691.0
2021-03-30,29691.0
2021-03-31,29164.0
2021-04-01,29650.0
2021-04-02,29650.0
2021-04-03,29569.0
2021-04-04,29544.0
2021-04-05,29569.0
2021-04-06,29569.0
2021-04-07,29083.0
2021-04-08,29488.0
2021-04-09,29650.0
2021-04-10,29471.0
2021-04-11,29452.0
2021-04-12,29650.0
2021-04-13,29164.0
2021-04-14,29488.0
2021-04-15,29083.0
2021-04-16,28597.0
2021-04-17,29196.0
2021-04-18,29105.0
2021-04-19,28354.0
2021-04-20,27747.0
2021-04-21,28599.0
2021-04-22,28192.0
2021-04-23,28678.0
2021-04-24,28314.0
2021-04-25,28306.0
2021-04-26,28192.0
2021-04-27,27544.0
2021-04-28,27868.0
2021-04-29,27868.0
2021-04-30,27955.0
2021-05-01,27885.0
2021-05-02,27824.0
2021-05-03,27880.0
2021-05-04,27625.0
2021-05-05,28111.0
2021-05-06,28111.0
2021-05-07,28111.0
2021-05-08,27967.0
2021-05-09,27985.0
2021-05-10,27868.0
2021-05-11,27828.0
2021-05-12,27909.0
2021-05-13,27787.0
2021-05-14,29164.0
2021-05-15,28111.0
2021-05-16,28159.0
2021-05-17,29002.0
2021-05-18,28759.0
2021-05-19,28597.0
2021-05-20,28921.0
2021-05-21,28476.0
2021-05-22,28751.0
2021-05-23,28700.0
2021-05-24,29934.0
2021-05-25,30177.0
2021-05-26,29812.0
2021-05-27,29245.0
2021-05-28,30663.0
2021-05-29,29966.0
2021-05-30,29972.0
2021-05-31,30258.0
2021-06-01,29488.0
2021-06-02,29448.0
2021-06-03,29326.0
2021-06-04,30299.0
2021-06-05,29763.0
2021-06-06,29664.0
2021-06-07,29731.0
2021-06-08,28678.0
2021-06-09,29407.0
2021-06-10,29286.0
2021-06-11,29367.0
2021-06-12,29293.0
2021-06-13,29206.0
2021-06-14,29407.0
2021-06-15,29164.0
2021-06-16,28759.0
2021-06-17,28435.0
2021-06-18,28678.0
2021-06-19,28888.0
2021-06-20,28784.0
2021-06-21,28759.0
2021-06-22,28759.0
2021-06-23,29367.0
2021-06-24,29367.0
2021-06-25,29893.0
2021-06-26,29229.0
2021-06-27,29323.0
2021-06-28,29650.0
2021-06-29,29569.0
2021-06-30,30218.0
2021-07-01,31271.0
2021-07-02,31919.0
2021-07-03,30525.0
2021-07-04,30700.0
2021-07-05,31595.0
2021-07-06,30461.0
2021-07-07,30218.0
2021-07-08,30218.0
2021-07-09,29974.0
2021-07-10,30493.0
2021-07-11,30272.0
2021-07-12,28678.0
2021-07-13,29893.0
2021-07-14,29407.0
2021-07-15,28800.0
2021-07-16,28840.0
2021-07-17,29123.0
2021-07-18,29212.0
2021-07-19,28152.0
2021-07-20,28840.0
2021-07-21,28719.0
2021-07-22,29164.0
2021-07-23,29083.0
2021-07-24,28791.0
2021-07-25,28919.0
2021-07-26,31109.0
2021-07-27,32040.0
2021-07-28,32243.0
2021-07-29,32162.0
2021-07-30,34390.0
2021-07-31,32388.0
2021-08-01,32644.0
2021-08-02,36779.0
2021-08-03,36253.0
2021-08-04,35726.0
2021-08-05,36455.0
2021-08-06,36698.0
2021-08-07,36382.0
2021-08-08,36302.0
2021-08-09,38035.0
2021-08-10,37387.0
2021-08-11,35159.0
2021-08-12,35281.0
2021-08-13,35645.0
2021-08-14,36301.0
2021-08-15,35954.0
2021-08-16,37063.0
2021-08-17,36820.0
2021-08-18,36374.0
2021-08-19,36374.0
2021-08-20,37185.0
2021-08-21,36763.0
2021-08-22,36703.0
2021-08-23,39777.0
2021-08-24,41154.0
2021-08-25,40668.0
2021-08-26,40587.0
2021-08-27,41154.0
2021-08-28,40668.0
2021-08-29,40846.0
2021-08-30,41316.0
2021-08-31,42774.0
2021-09-01,42693.0
2021-09-02,41659.0
2021-09-03,41857.0
2021-09-04,42059.0
2021-09-05,42208.0
2021-09-06,43422.0
2021-09-07,43503.0
2021-09-08,42936.0
2021-09-09,44152.0
2021-09-10,44233.0
2021-09-11,43649.0
2021-09-12,43694.0
2021-09-13,45367.0
2021-09-14,48526.0
2021-09-15,49579.0
2021-09-16,48931.0
2021-09-17,48931.0
2021-09-18,48266.0
2021-09-19,48846.0
2021-09-20,50957.0
2021-09-21,50065.0
2021-09-22,52010.0
2021-09-23,50633.0
2021-09-24,49012.0
2021-09-25,50535.0
2021-09-26,50451.0
2021-09-27,46420.0
2021-09-28,47797.0
2021-09-29,47716.0
2021-09-30,47635.0
2021-10-01,46825.0
2021-10-02,47278.0
2021-10-03,47450.0
2021-10-04,46744.0
2021-10-05,48121.0
2021-10-06,48121.0
2021-10-07,49660.0
2021-10-08,49660.0
2021-10-09,48461.0
2021-10-10,48804.0
2021-10-11,49417.0
2021-10-12,49336.0
2021-10-13,49174.0
2021-10-14,50065.0
2021-10-15,50228.0
2021-10-16,49644.0
2021-10-17,49689.0
2021-10-18,49417.0
2021-10-19,48364.0
2021-10-20,48283.0
2021-10-21,49417.0
2021-10-22,49336.0
2021-10-23,48963.0
2021-10-24,48872.0
2021-10-25,48607.0
2021-10-26,48283.0
2021-10-27,49012.0
2021-10-28,50065.0
2021-10-29,51038.0
2021-10-30,49401.0
2021-10-31,49559.0
2021-11-01,51848.0
2021-11-02,51686.0
2021-11-03,50552.0
2021-11-04,50957.0
2021-11-05,51443.0
2021-11-06,51297.0
2021-11-07,51187.0
2021-11-08,52091.0
2021-11-09,52658.0
2021-11-10,52496.0
2021-11-11,51848.0
2021-11-12,51929.0
2021-11-13,52204.0
2021-11-14,52227.0
2021-11-15,51686.0
2021-11-16,51767.0
2021-11-17,52334.0
2021-11-18,55898.0
2021-11-19,56627.0
2021-11-20,53662.0
2021-11-21,54057.0
2021-11-22,54197.0
2021-11-23,53792.0
2021-11-24,55331.0
2021-11-25,55493.0
2021-11-26,53063.0
2021-11-27,54375.0
2021-11-28,54410.0
2021-11-29,51686.0
2021-11-30,50228.0
2021-12-01,50633.0
2021-12-02,50552.0
2021-12-03,49336.0
2021-12-04,50487.0
2021-12-05,50247.0
2021-12-06,48688.0
2021-12-07,49255.0
2021-12-08,49174.0
2021-12-09,49417.0
2021-12-10,50228.0
2021-12-11,49352.0
2021-12-12,49485.0
2021-12-13,49822.0
2021-12-14,49012.0
2021-12-15,48850.0
2021-12-16,48688.0
2021-12-17,48931.0
2021-12-18,49060.0
2021-12-19,48908.0
2021-12-20,48040.0
2021-12-21,48040.0
2021-12-22,48121.0
2021-12-23,46987.0
2021-12-24,47797.0
2021-12-25,47797.0
2021-12-26,47748.0
2021-12-27,48364.0
2021-12-28,48607.0
2021-12-29,48607.0
2021-12-30,48202.0
2021-12-31,48607.0
2022-01-01,48477.0
2022-01-02,48500.0
2022-01-03,48478.0
2022-01-04,49417.0
2022-01-05,50390.0
2022-01-06,48607.0
2022-01-07,47797.0
2022-01-08,48937.0
2022-01-09,49029.0
2022-01-10,46177.0
2022-01-11,44557.0
2022-01-12,44557.0
2022-01-13,44395.0
2022-01-14,43990.0
2022-01-15,44735.0
2022-01-16,44446.0
2022-01-17,41316.0
2022-01-18,40182.0
2022-01-19,42936.0
2022-01-20,44314.0
2022-01-21,44152.0
2022-01-22,42580.0
2022-01-23,42832.0
2022-01-24,41802.0
2022-01-25,41802.0
2022-01-26,41721.0
2022-01-27,41964.0
2022-01-28,44071.0
2022-01-29,42272.0
2022-01-30,42366.0
2022-01-31,42478.0
2022-02-01,42630.0
2022-02-02,42763.0
2022-02-03,42501.0
2022-02-04,42547.0
2022-02-05,42583.0
2022-02-06,42604.0
2022-02-07,47149.0
2022-02-08,47473.0
2022-02-09,48607.0
2022-02-10,49450.0
2022-02-11,49008.0
2022-02-12,48337.0
2022-02-13,48575.0
2022-02-14,48832.0
2022-02-15,48478.0
2022-02-16,49450.0
2022-02-17,50068.0
2022-02-18,50068.0
2022-02-19,49379.0
2022-02-20,49488.0
2022-02-21,50509.0
2022-02-22,50068.0
2022-02-23,50421.0
2022-02-24,49715.0
2022-02-25,49008.0
2022-02-26,49944.0
2022-02-27,49831.0
2022-02-28,48567.0
2022-03-01,48302.0
2022-03-02,48302.0
2022-03-03,49273.0
2022-03-04,49361.0
2022-03-05,48761.0
2022-03-06,48799.0
2022-03-07,49008.0
2022-03-08,47860.0
2022-03-09,47684.0
2022-03-10,49273.0
2022-03-11,49097.0
2022-03-12,48584.0
2022-03-13,48499.0
2022-03-14,48832.0
2022-03-15,49008.0
2022-03-16,49008.0
2022-03-17,52364.0
2022-03-18,52540.0
2022-03-19,50350.0
2022-03-20,50654.0
2022-03-21,52099.0
2022-03-22,48743.0
2022-03-23,49626.0
2022-03-24,49891.0
2022-03-25,49626.0
2022-03-26,49997.0
2022-03-27,49576.0
2022-03-28,49273.0
2022-03-29,52717.0
2022-03-30,53953.0
2022-03-31,55631.0
2022-04-01,56073.0
2022-04-02,53529.0
2022-04-03,54380.0
2022-04-04,55454.0
2022-04-05,55896.0
2022-04-06,57397.0
2022-04-07,57839.0
2022-04-08,56249.0
2022-04-09,56567.0
2022-04-10,56789.0
2022-04-11,56968.0
2022-04-12,56514.0
2022-04-13,57309.0
2022-04-14,58192.0
2022-04-15,47946.0
2022-04-16,55385.0
2022-04-17,55069.0
2022-04-18,49198.0
2022-04-19,45789.0
2022-04-20,48711.0
2022-04-21,48015.0
2022-04-22,46415.0
2022-04-23,47625.0
2022-04-24,47311.0
2022-04-25,43214.0
2022-04-26,43979.0
2022-04-27,44327.0
2022-04-28,44745.0
2022-04-29,45093.0
2022-04-30,44271.0
2022-05-01,44483.0
2022-05-02,44583.0
2022-05-03,44635.0
2022-05-04,44327.0
2022-05-05,45023.0
2022-05-06,43979.0
2022-05-07,44509.0
2022-05-08,44494.0
2022-05-09,43492.0
2022-05-10,42727.0
2022-05-11,43353.0
2022-05-12,41057.0
2022-05-13,39595.0
2022-05-14,42044.0
2022-05-15,41755.0
2022-05-16,37577.0
2022-05-17,39665.0
2022-05-18,41057.0
2022-05-19,39178.0
2022-05-20,40709.0
2022-05-21,39637.0
2022-05-22,40049.0
2022-05-23,40013.0
2022-05-24,38830.0
2022-05-25,41057.0
2022-05-26,41057.0
2022-05-27,42309.0
2022-05-28,40653.0
2022-05-29,40781.0
2022-05-30,42309.0
2022-05-31,41892.0
2022-06-01,40570.0
2022-06-02,40987.0
2022-06-03,42448.0
2022-06-04,41641.0
2022-06-05,41507.0
2022-06-06,42031.0
2022-06-07,41752.0
2022-06-08,42309.0
2022-06-09,42448.0
2022-06-10,41683.0
2022-06-11,42044.0
2022-06-12,42047.0
2022-06-13,40013.0
2022-06-14,39734.0
2022-06-15,38969.0
2022-06-16,40500.0
2022-06-17,39874.0
2022-06-18,39818.0
2022-06-19,39779.0
2022-06-20,38482.0
2022-06-21,38482.0
2022-06-22,38830.0
2022-06-23,38273.0
2022-06-24,40361.0
2022-06-25,38885.0
2022-06-26,38966.0
2022-06-27,41683.0
2022-06-28,41683.0
2022-06-29,40917.0
2022-06-30,40709.0
2022-07-01,43144.0
2022-07-02,41627.0
2022-07-03,41616.0
2022-07-04,40709.0
2022-07-05,40222.0
2022-07-06,39526.0
2022-07-07,39665.0
2022-07-08,39665.0
2022-07-09,39957.0
2022-07-10,39807.0
2022-07-11,39526.0
2022-07-12,40709.0
2022-07-13,41335.0
2022-07-14,41405.0
2022-07-15,40848.0
2022-07-16,40764.0
2022-07-17,41012.0
2022-07-18,41057.0
2022-07-19,40361.0
2022-07-20,40987.0
2022-07-21,41057.0
2022-07-22,39665.0
2022-07-23,40625.0
2022-07-24,40539.0
2022-07-25,40987.0
2022-07-26,40778.0
2022-07-27,41335.0
2022-07-28,40570.0
2022-07-29,40987.0
2022-07-30,40931.0
2022-07-31,40920.0
2022-08-01,42935.0
2022-08-02,43144.0
2022-08-03,42448.0
2022-08-04,43631.0
2022-08-05,43492.0
2022-08-06,43130.0
2022-08-07,43169.0
2022-08-08,43492.0
2022-08-09,43840.0
2022-08-10,43075.0
2022-08-11,43423.0
2022-08-12,44606.0
2022-08-13,43687.0
2022-08-14,43726.0
2022-08-15,46763.0
2022-08-16,47111.0
2022-08-17,46972.0
2022-08-18,48015.0
2022-08-19,47180.0
2022-08-20,47208.0
2022-08-21,47297.0
2022-08-22,46624.0
2022-08-23,46345.0
2022-08-24,44536.0
2022-08-25,43075.0
2022-08-26,41752.0
2022-08-27,44466.0
2022-08-28,44034.0
2022-08-29,42379.0
2022-08-30,42796.0
2022-08-31,41057.0
2022-09-01,42946.0
2022-09-02,42642.0
2022-09-03,42364.0
2022-09-04,42361.0
2022-09-05,42100.0
2022-09-06,45023.0
2022-09-07,43910.0
2022-09-08,44188.0
2022-09-09,44814.0
2022-09-10,44007.0
2022-09-11,44388.0
2022-09-12,39403.0
2022-09-13,40112.0
2022-09-14,39875.0
2022-09-15,41767.0
2022-09-16,41609.0
2022-09-17,40553.0
2022-09-18,40783.0
2022-09-19,40585.0
2022-09-20,40979.0
2022-09-21,40112.0
2022-09-22,40112.0
2022-09-23,39875.0
2022-09-24,40332.0
2022-09-25,40282.0
2022-09-26,37432.0
2022-09-27,38142.0
2022-09-28,36566.0
2022-09-29,35147.0
2022-09-30,36093.0
2022-10-01,36676.0
2022-10-02,36524.0
2022-10-03,33571.0
2022-10-04,34241.0
2022-10-05,35068.0
2022-10-06,33610.0
2022-10-07,31286.0
2022-10-08,33555.0
2022-10-09,33552.0
2022-10-10,32704.0
2022-10-11,30419.0
2022-10-12,31995.0
2022-10-13,33019.0
2022-10-14,31837.0
2022-10-15,31994.0
2022-10-16,31852.0
2022-10-17,31522.0
2022-10-18,31758.0
2022-10-19,32231.0
2022-10-20,32231.0
2022-10-21,31758.0
2022-10-22,31900.0
2022-10-23,31975.0
2022-10-24,29946.0
2022-10-25,30734.0
2022-10-26,31049.0
2022-10-27,31325.0
2022-10-28,31207.0
2022-10-29,30852.0
2022-10-30,31033.0
2022-10-31,30931.0
2022-11-01,30340.0
2022-11-02,30301.0
2022-11-03,29040.0
2022-11-04,27030.0
2022-11-05,29528.0
2022-11-06,29247.0
2022-11-07,25218.0
2022-11-08,26163.0
2022-11-09,27897.0
2022-11-10,26754.0
2022-11-11,27582.0
2022-11-12,26722.0
2022-11-13,27023.0
2022-11-14,27582.0
2022-11-15,25651.0
2022-11-16,27424.0
2022-11-17,28212.0
2022-11-18,28173.0
2022-11-19,27408.0
2022-11-20,27373.0
2022-11-21,28133.0
2022-11-22,28330.0
2022-11-23,27897.0
2022-11-24,28527.0
2022-11-25,28843.0
2022-11-26,28346.0
2022-11-27,28388.0
2022-11-28,29788.0
2022-11-29,31128.0
2022-11-30,32468.0
2022-12-01,32310.0
2022-12-02,33098.0
2022-12-03,31758.0
2022-12-04,32152.0
2022-12-05,32468.0
2022-12-06,31522.0
2022-12-07,31167.0
2022-12-08,32153.0
2022-12-09,31522.0
2022-12-10,31766.0
2022-12-11,31626.0
2022-12-12,31837.0
2022-12-13,31561.0
2022-12-14,31286.0
2022-12-15,31364.0
2022-12-16,31207.0
2022-12-17,31451.0
2022-12-18,31373.0
2022-12-19,31207.0
2022-12-20,30261.0
2022-12-21,29985.0
2022-12-22,30773.0
2022-12-23,30734.0
2022-12-24,30592.0
2022-12-25,30469.0
2022-12-26,29079.0
2022-12-27,30104.0
2022-12-28,29946.0
2022-12-29,30655.0
2022-12-30,31522.0
2022-12-31,30261.0
2023-01-01,30497.0
2023-01-02,30576.0
2023-01-03,32704.0
2023-01-04,32389.0
2023-01-05,32468.0
2023-01-06,32271.0
2023-01-07,32081.0
2023-01-08,32382.0
2023-01-09,31522.0
2023-01-10,32625.0
2023-01-11,32192.0
2023-01-12,31916.0
2023-01-13,31719.0
2023-01-14,31994.0
2023-01-15,32089.0
2023-01-16,31758.0
2023-01-17,31916.0
2023-01-18,32310.0
2023-01-19,32783.0
2023-01-20,32171.0
2023-01-21,32187.0
2023-01-22,32273.0
2023-01-23,32344.0
2023-01-24,32351.0
2023-01-25,32265.0
2023-01-26,32284.0
2023-01-27,34280.0
2023-01-28,32704.0
2023-01-29,32776.0
2023-01-30,33886.0
2023-01-31,33965.0
2023-02-01,32783.0
2023-02-02,33413.0
2023-02-03,33886.0
2023-02-04,33586.0
2023-02-05,33526.0
2023-02-06,33492.0
2023-02-07,32547.0
2023-02-08,33059.0
2023-02-09,33059.0
2023-02-10,32704.0
2023-02-11,32972.0
2023-02-12,32868.0
2023-02-13,33019.0
2023-02-14,33019.0
2023-02-15,32783.0
2023-02-16,32547.0
2023-02-17,32507.0
2023-02-18,32775.0
2023-02-19,32726.0
2023-02-20,33019.0
2023-02-21,33019.0
2023-02-22,31522.0
2023-02-23,32231.0
2023-02-24,31955.0
2023-02-25,32349.0
2023-02-26,32215.0
2023-02-27,31443.0
2023-02-28,31995.0
2023-03-01,32231.0
2023-03-02,31877.0
2023-03-03,30970.0
2023-03-04,31703.0
2023-03-05,31755.0
2023-03-06,31877.0
2023-03-07,31798.0
2023-03-08,32074.0
2023-03-09,31916.0
2023-03-10,32310.0
2023-03-11,31995.0
2023-03-12,32018.0
2023-03-13,32153.0
2023-03-14,31049.0
2023-03-15,32547.0
2023-03-16,32310.0
2023-03-17,32389.0
2023-03-18,32089.0
2023-03-19,32076.0
2023-03-20,31758.0
2023-03-21,32271.0
2023-03-22,31680.0
2023-03-23,31916.0
2023-03-24,31955.0
2023-03-25,31916.0
2023-03-26,31947.0
2023-03-27,31877.0
2023-03-28,31837.0
2023-03-29,31522.0
2023-03-30,31483.0
2023-03-31,31443.0
2023-04-01,31632.0
2023-04-02,31583.0
2023-04-03,31995.0
2023-04-04,31955.0
2023-04-05,33019.0
2023-04-06,32665.0
2023-04-07,32783.0
2023-04-08,32483.0
2023-04-09,32581.0
2023-04-10,32783.0
2023-04-11,32901.0
2023-04-12,32704.0
2023-04-13,32980.0
2023-04-14,32980.0
2023-04-15,32869.0
2023-04-16,32886.0
2023-04-17,32980.0
2023-04-18,32941.0
2023-04-19,32941.0
2023-04-20,32822.0
2023-04-21,32822.0
2023-04-22,32901.0
2023-04-23,32885.0
2023-04-24,32704.0
2023-04-25,32547.0
2023-04-26,32625.0
2023-04-27,32704.0
2023-04-28,32783.0
2023-04-29,32672.0
2023-04-30,32666.0
2023-05-01,32690.0
2023-05-02,32703.0
2023-05-03,32702.0
2023-05-04,32744.0
2023-05-05,32704.0
2023-05-06,32708.0
2023-05-07,32712.0
2023-05-08,32704.0
2023-05-09,32665.0
2023-05-10,32665.0
2023-05-11,32665.0
2023-05-12,32625.0
2023-05-13,32664.0
2023-05-14,32656.0
2023-05-15,32625.0
2023-05-16,32507.0
2023-05-17,32310.0
2023-05-18,32310.0
2023-05-19,32231.0
2023-05-20,32396.0
2023-05-21,32350.0
2023-05-22,32153.0
2023-05-23,31916.0
2023-05-24,32113.0
2023-05-25,32074.0
2023-05-26,31916.0
2023-05-27,32034.0
2023-05-28,32010.0
2023-05-29,32428.0
2023-05-30,32310.0
2023-05-31,32192.0
2023-06-01,32310.0
2023-06-02,32468.0
2023-06-03,32341.0
2023-06-04,32324.0
2023-06-05,34714.0
2023-06-06,36014.0
2023-06-07,35856.0
2023-06-08,35068.0
2023-06-09,35856.0
2023-06-10,35501.0
2023-06-11,35659.0
2023-06-12,35856.0
2023-06-13,35384.0
2023-06-14,35305.0
2023-06-15,35462.0
2023-06-16,35856.0
2023-06-17,35572.0
2023-06-18,35515.0
2023-06-19,35738.0
2023-06-20,36250.0
2023-06-21,36093.0
2023-06-22,35856.0
2023-06-23,35699.0
2023-06-24,35927.0
2023-06-25,35965.0
2023-06-26,38102.0
2023-06-27,37472.0
2023-06-28,37038.0
2023-06-29,36605.0
2023-06-30,36408.0
2023-07-01,37125.0
2023-07-02,36929.0
2023-07-03,36566.0
2023-07-04,36802.0
2023-07-05,36999.0
2023-07-06,36881.0
2023-07-07,36960.0
2023-07-08,36841.0
2023-07-09,36896.0
2023-07-10,36881.0
2023-07-11,37235.0
2023-07-12,37590.0
2023-07-13,37945.0
2023-07-14,37826.0
2023-07-15,37495.0
2023-07-16,37618.0
2023-07-17,37984.0
2023-07-18,38221.0
2023-07-19,38181.0
2023-07-20,37905.0
2023-07-21,37748.0
2023-07-22,38007.0
2023-07-23,38012.0
2023-07-24,37708.0
2023-07-25,37354.0
2023-07-26,37196.0
2023-07-27,37669.0
2023-07-28,38063.0
2023-07-29,37598.0
2023-07-30,37576.0
2023-07-31,38654.0
2023-08-01,38654.0
2023-08-02,39009.0
2023-08-03,38615.0
2023-08-04,38772.0
2023-08-05,38740.0
2023-08-06,38758.0
2023-08-07,38930.0
2023-08-08,38772.0
2023-08-09,38615.0
2023-08-10,38536.0
2023-08-11,38615.0
2023-08-12,38693.0
2023-08-13,38646.0
2023-08-14,38457.0
2023-08-15,38575.0
2023-08-16,38654.0
2023-08-17,38221.0
2023-08-18,37826.0
2023-08-19,38346.0
2023-08-20,38324.0
2023-08-21,38221.0
2023-08-22,38851.0
2023-08-23,38575.0
2023-08-24,39009.0
2023-08-25,39324.0
2023-08-26,38796.0
2023-08-27,38911.0
2023-08-28,39560.0
2023-08-29,39718.0
2023-08-30,39797.0
2023-08-31,39875.0
2023-09-01,39572.0
2023-09-02,39704.0
2023-09-03,39733.0
2023-09-04,39736.0
2023-09-05,40033.0
2023-09-06,39954.0
2023-09-07,39481.0
2023-09-08,39797.0
2023-09-09,39800.0
2023-09-10,39813.0
2023-09-11,39481.0
2023-09-12,39875.0
2023-09-13,39245.0
2023-09-14,39009.0
2023-09-15,39245.0
2023-09-16,39371.0
2023-09-17,39349.0
2023-09-18,38457.0
2023-09-19,38969.0
2023-09-20,38536.0
2023-09-21,38457.0
2023-09-22,38615.0
2023-09-23,38606.0
2023-09-24,38636.0
2023-09-25,38299.0
2023-09-26,37905.0
2023-09-27,38457.0
2023-09-28,37826.0
2023-09-29,37669.0
2023-09-30,38031.0
2023-10-01,37977.0
2023-10-02,37669.0
2023-10-03,37117.0
2023-10-04,37432.0
2023-10-05,37196.0
2023-10-06,37432.0
2023-10-07,37369.0
2023-10-08,37309.0
2023-10-09,37984.0
2023-10-10,38496.0
2023-10-11,38615.0
2023-10-12,39718.0
2023-10-13,39363.0
2023-10-14,38835.0
2023-10-15,39005.0
2023-10-16,38221.0
2023-10-17,38221.0
2023-10-18,37748.0
2023-10-19,37748.0
2023-10-20,37590.0
2023-10-21,37905.0
2023-10-22,37842.0
2023-10-23,37038.0
2023-10-24,36250.0
2023-10-25,36723.0
2023-10-26,34714.0
2023-10-27,35384.0
2023-10-28,36021.0
2023-10-29,35818.0
2023-10-30,35265.0
2023-10-31,34280.0
2023-11-01,34280.0
2023-11-02,35029.0
2023-11-03,35265.0
2023-11-04,34823.0
2023-11-05,34735.0
2023-11-06,35462.0
2023-11-07,36250.0
2023-11-08,36644.0
2023-11-09,36802.0
2023-11-10,36605.0
2023-11-11,36352.0
2023-11-12,36530.0
2023-11-13,36447.0
2023-11-14,37354.0
2023-11-15,37275.0
2023-11-16,37432.0
2023-11-17,37393.0
2023-11-18,37180.0
2023-11-19,37326.0
2023-11-20,37275.0
2023-11-21,39009.0
2023-11-22,38969.0
2023-11-23,37866.0
2023-11-24,38457.0
2023-11-25,38315.0
2023-11-26,38523.0
2023-11-27,38378.0
2023-11-28,38418.0
2023-11-29,38575.0
2023-11-30,38536.0
2023-12-01,38457.0
2023-12-02,38472.0
2023-12-03,38491.0
2023-12-04,38142.0
2023-12-05,38250.0
2023-12-06,39000.0
2023-12-07,38600.0
2023-12-08,38950.0
2023-12-09,38588.0
2023-12-10,38677.0
2023-12-11,38850.0
2023-12-12,39000.0
2023-12-13,38900.0
2023-12-14,38900.0
2023-12-15,39000.0
2023-12-16,38930.0
2023-12-17,38946.0
2023-12-18,39100.0
2023-12-19,38900.0
2023-12-20,38900.0
2023-12-21,39150.0
2023-12-22,39600.0
2023-12-23,39130.0
2023-12-24,39136.0
2023-12-25,40400.0
2023-12-26,41000.0
2023-12-27,41000.0
2023-12-28,41200.0
2023-12-29,43500.0
2023-12-30,41420.0
2023-12-31,41624.0
2024-01-01,41748.0
2024-01-02,44100.0
2024-01-03,44150.0
2024-01-04,43850.0
2024-01-05,43000.0
2024-01-06,43369.0
2024-01-07,43693.0
2024-01-08,41450.0
2024-01-09,41200.0
2024-01-10,41350.0
2024-01-11,40850.0
2024-01-12,40500.0
2024-01-13,41070.0
2024-01-14,40994.0
2024-01-15,40200.0
2024-01-16,40500.0
2024-01-17,40000.0
2024-01-18,39500.0
2024-01-19,40000.0
2024-01-20,40040.0
2024-01-21,40008.0
2024-01-22,40000.0
2024-01-23,39250.0
2024-01-24,39250.0
2024-01-25,39200.0
2024-01-26,39900.0
2024-01-27,39520.0
2024-01-28,39424.0
2024-01-29,39750.0
2024-01-30,40000.0
2024-01-31,39900.0
2024-02-01,40900.0
2024-02-02,42000.0
2024-02-03,40510.0
2024-02-04,40662.0
2024-02-05,41850.0
2024-02-06,40950.0
2024-02-07,40750.0
2024-02-08,40944.0
2024-02-09,41031.0
2024-02-10,41105.0
2024-02-11,40956.0
2024-02-12,40957.0
2024-02-13,40998.0
2024-02-14,41009.0
2024-02-15,40700.0
2024-02-16,40450.0
2024-02-17,40822.0
2024-02-18,40795.0
2024-02-19,40500.0
2024-02-20,40450.0
2024-02-21,40200.0
2024-02-22,40100.0
2024-02-23,39900.0
2024-02-24,40230.0
2024-02-25,40176.0
2024-02-26,40000.0
2024-02-27,40200.0
2024-02-28,40000.0
2024-02-29,39950.0
2024-03-01,41200.0
2024-03-02,40270.0
2024-03-03,40324.0
2024-03-04,40800.0
2024-03-05,41250.0
2024-03-06,41000.0
2024-03-07,40350.0
2024-03-08,39800.0
2024-03-09,40640.0
2024-03-10,40608.0
2024-03-11,39200.0
2024-03-12,40600.0
2024-03-13,41950.0
2024-03-14,41650.0
2024-03-15,41500.0
2024-03-16,40980.0
2024-03-17,41336.0
2024-03-18,40950.0
2024-03-19,39700.0
2024-03-20,40050.0
2024-03-21,39800.0
2024-03-22,40000.0
2024-03-23,40100.0
2024-03-24,39930.0
2024-03-25,39300.0
2024-03-26,40150.0
2024-03-27,40150.0
2024-03-28,40450.0
2024-03-29,39950.0
2024-03-30,40000.0
2024-03-31,40140.0
2024-04-01,40200.0
2024-04-02,40150.0
2024-04-03,42950.0
2024-04-04,45950.0
2024-04-05,47300.0
2024-04-06,43310.0
2024-04-07,43932.0
2024-04-08,45050.0
2024-04-09,48000.0
2024-04-10,48900.0
2024-04-11,48100.0
2024-04-12,49300.0
2024-04-13,47870.0
2024-04-14,48434.0
2024-04-15,45850.0
2024-04-16,45850.0
2024-04-17,44150.0
2024-04-18,46430.0
2024-04-19,41550.0
2024-04-20,44766.0
2024-04-21,44549.0
2024-04-22,42350.0
2024-04-23,42800.0
2024-04-24,45300.0
2024-04-25,44600.0
2024-04-26,44650.0
2024-04-27,43940.0
2024-04-28,44258.0
2024-04-29,44549.0
2024-04-30,44399.0
2024-05-01,44359.0
2024-05-02,46150.0
2024-05-03,45100.0
2024-05-04,44911.0
2024-05-05,44983.0
2024-05-06,46850.0
2024-05-07,48450.0
2024-05-08,51800.0
2024-05-09,55400.0
2024-05-10,58900.0
2024-05-11,52280.0
2024-05-12,53366.0
2024-05-13,58400.0
2024-05-14,62400.0
2024-05-15,63000.0
2024-05-16,60600.0
2024-05-17,61300.0
2024-05-18,61140.0
2024-05-19,61688.0
2024-05-20,59000.0
2024-05-21,61500.0
2024-05-22,61200.0
2024-05-23,63600.0
2024-05-24,59700.0
2024-05-25,61000.0
2024-05-26,61400.0
2024-05-27,59000.0
2024-05-28,62100.0
2024-05-29,60000.0
2024-05-30,59200.0
2024-05-31,60900.0
